Source index,Destination index
1,311
1,176
1,168
1,354
1,267
1,350
1,256
1,321
1,279
1,113
1,160
1,85
1,331
1,88
1,12
1,175
1,181
1,158
1,294
1,337
1,258
1,132
1,58
1,322
1,24
1,211
1,80
1,228
2,168
2,100
2,98
2,84
2,298
3,108
3,145
3,80
3,211
3,216
3,47
3,134
3,146
3,121
4,208
4,152
4,336
4,216
4,159
4,6
4,160
4,25
4,36
4,315
5,259
5,311
5,9
5,321
5,247
6,324
6,134
6,100
7,303
7,357
7,56
7,113
7,352
7,191
7,150
7,326
7,37
7,287
8,347
8,124
8,314
8,25
8,246
8,174
8,159
8,51
9,65
9,114
9,218
9,250
9,217
9,200
10,239
10,302
10,260
10,213
10,282
10,266
10,331
10,224
10,293
10,172
11,39
11,86
11,203
11,231
11,227
11,352
12,94
12,198
12,141
12,349
12,285
12,93
12,138
12,100
12,358
12,307
13,210
13,154
13,280
14,75
14,110
14,354
14,133
14,295
15,297
15,67
15,61
15,263
15,236
15,347
15,226
16,66
16,71
16,352
16,260
16,203
16,297
17,87
17,281
17,71
17,361
17,98
17,341
18,106
18,253
18,311
18,132
18,28
18,49
19,141
19,210
19,161
19,234
20,126
20,194
20,226
21,96
21,308
21,232
21,265
21,127
21,110
22,99
22,116
22,89
22,190
22,233
22,141
22,349
23,326
23,61
23,259
23,221
23,44
23,108
23,242
24,275
24,268
24,349
24,21
24,161
24,86
25,194
25,8
25,336
26,270
26,248
26,242
27,194
27,234
27,259
27,7
28,183
28,61
28,226
28,93
28,32
28,169
28,98
28,60
28,195
29,292
29,317
29,265
29,121
29,364
29,256
29,205
30,223
30,65
30,85
30,282
30,86
30,140
30,315
30,330
30,129
30,28
31,33
31,77
31,166
31,232
32,326
32,329
32,236
32,297
32,311
32,315
32,313
32,204
32,347
33,15
33,237
33,65
33,91
33,219
33,183
33,137
33,98
33,231
33,149
34,195
34,42
34,81
34,88
35,344
35,164
35,96
35,360
35,291
36,179
36,308
36,15
36,362
36,139
37,122
37,12
37,297
37,73
37,309
37,115
37,292
37,14
37,133
38,209
38,264
38,88
38,78
38,355
38,366
38,47
38,87
38,163
38,120
39,36
39,187
39,349
39,54
39,361
39,128
39,153
39,262
39,241
39,216
40,365
40,278
40,247
40,103
40,63
40,205
40,236
40,62
40,224
41,333
41,288
41,126
41,106
41,359
41,280
41,310
41,246
41,114
41,199
42,202
42,163
42,34
42,13
42,262
42,340
42,22
42,309
43,159
43,345
43,342
43,86
43,70
43,234
44,136
44,130
44,58
44,301
44,77
45,323
45,176
45,339
45,23
45,288
45,322
45,326
45,236
45,88
46,291
46,59
46,269
46,251
46,112
46,264
46,194
46,362
47,117
47,231
47,175
47,129
47,355
47,35
47,356
47,138
47,164
48,103
48,86
48,129
48,270
48,33
48,71
48,320
48,175
48,359
48,164
49,183
49,169
49,163
50,227
50,17
50,241
50,189
50,52
50,320
50,87
50,187
50,296
51,360
51,197
51,34
51,78
51,247
52,54
52,206
52,169
52,29
52,31
53,25
53,159
53,364
53,177
54,118
54,90
54,194
54,35
54,46
54,56
55,331
55,103
55,227
55,340
56,172
56,303
56,351
56,7
56,301
56,220
56,132
56,249
56,53
57,93
57,334
57,37
57,183
57,144
58,122
58,171
58,185
58,142
58,101
58,244
58,353
58,139
58,360
59,193
59,127
59,22
59,362
59,237
60,366
60,173
60,15
60,276
60,180
61,340
61,16
61,185
62,201
62,177
62,246
63,249
63,305
63,297
64,206
64,167
64,134
64,208
64,133
65,16
65,317
65,127
65,58
65,247
66,173
66,162
66,212
66,232
66,69
67,50
67,47
67,150
67,164
67,113
67,247
67,310
67,326
68,205
68,126
68,187
68,25
68,243
68,40
69,111
69,76
69,113
69,287
69,60
69,325
69,201
69,106
69,107
69,135
70,343
70,205
70,264
70,257
71,7
71,136
71,188
71,255
71,56
71,253
71,24
71,231
72,166
72,91
72,86
72,81
72,52
72,328
72,43
73,115
73,287
73,264
73,54
73,107
74,363
74,60
74,250
74,253
74,96
74,277
74,294
75,23
75,86
75,50
75,237
75,287
75,186
75,115
75,94
75,247
76,40
76,219
76,283
76,208
76,33
76,298
77,205
77,121
77,292
78,186
78,270
78,157
78,303
78,11
78,63
79,302
79,339
79,192
79,82
79,333
79,260
80,25
80,350
80,106
80,111
80,197
80,188
80,219
80,45
81,193
81,251
81,118
81,111
81,306
81,114
81,354
82,20
82,174
82,320
82,230
82,94
82,337
82,332
82,164
82,102
83,79
83,26
83,187
83,88
83,116
83,130
83,291
83,206
83,194
83,242
84,102
84,14
84,208
84,47
84,142
84,194
84,51
85,93
85,13
85,264
85,326
85,343
86,128
86,189
86,314
86,110
87,368
87,27
87,26
87,4
88,25
88,175
88,231
88,153
88,100
88,11
88,133
88,3
89,113
89,72
89,40
89,271
89,194
89,234
89,38
89,354
89,153
90,309
90,67
90,79
90,362
90,12
90,132
90,342
90,116
90,289
90,41
91,42
91,147
91,35
91,354
91,185
91,230
91,113
91,110
91,355
92,68
92,334
92,41
92,143
92,263
92,16
92,257
93,49
93,170
93,212
93,117
93,40
93,107
93,339
93,6
94,45
94,190
94,138
94,65
94,293
94,6
94,63
94,294
94,221
94,254
95,250
95,90
95,64
95,102
95,213
95,126
95,237
95,104
96,195
96,160
96,188
96,338
96,24
96,29
96,301
97,315
97,68
97,355
97,140
97,112
97,103
97,188
97,117
98,93
98,192
98,245
98,256
98,4
98,324
98,102
99,170
99,31
99,191
99,292
100,226
100,140
100,343
100,51
100,87
100,275
100,299
100,142
101,229
101,57
101,166
101,21
101,220
102,224
102,139
102,69
103,65
103,88
103,224
103,38
103,63
103,72
103,285
103,248
103,352
103,87
104,3
104,150
104,223
104,143
104,176
104,228
104,285
104,98
104,199
105,277
105,244
105,255
105,149
105,113
105,352
106,127
106,294
106,266
106,194
106,190
106,317
107,14
107,100
107,217
107,336
107,251
107,67
108,202
108,258
108,235
108,43
108,158
108,310
108,150
109,191
109,282
109,36
109,342
110,227
110,72
110,327
111,272
111,355
111,298
112,34
112,317
112,257
112,198
112,64
112,168
112,6
113,115
113,364
113,250
113,152
113,143
113,159
113,229
114,297
114,232
114,346
114,215
114,4
115,71
115,176
115,191
115,187
115,35
115,256
115,219
115,98
115,246
115,194
116,278
116,91
116,8
116,18
116,322
116,313
117,133
117,224
117,186
118,340
118,186
118,74
118,231
118,227
118,225
118,235
119,141
119,338
119,270
119,313
119,247
119,276
119,127
119,17
120,250
120,52
120,275
120,71
121,96
121,5
121,104
121,101
121,108
122,305
122,141
122,224
122,220
122,255
122,45
122,167
122,62
123,335
123,196
123,306
123,259
124,46
124,9
124,163
124,279
124,172
124,167
124,201
124,236
125,248
125,10
125,315
125,367
125,59
125,108
126,94
126,43
126,366
126,55
126,91
126,136
126,7
126,291
126,350
126,181
127,215
127,10
127,363
128,316
128,294
128,155
128,202
128,218
128,280
128,295
128,134
128,314
129,290
129,56
129,103
129,34
129,14
129,331
129,71
130,323
130,291
130,292
130,50
130,12
131,263
131,269
131,343
131,158
131,329
131,63
132,208
132,110
132,9
132,188
132,331
132,219
132,5
132,21
132,358
132,104
133,171
133,251
133,182
133,355
133,314
134,337
134,327
134,181
134,282
134,148
134,259
134,188
134,324
134,301
134,280
135,226
135,92
135,28
136,33
136,235
136,240
136,272
136,11
136,244
137,179
137,252
137,8
137,198
137,288
138,341
138,282
138,345
138,280
138,210
138,225
138,143
139,95
139,221
139,190
139,36
139,4
139,211
139,336
139,69
140,255
140,182
140,354
140,32
140,358
140,256
140,21
140,82
140,193
141,51
141,178
141,64
142,48
142,18
142,332
142,174
142,164
142,154
143,259
143,37
143,326
143,320
143,198
143,316
144,44
144,137
144,106
144,73
144,327
144,215
144,216
144,314
144,29
145,6
145,172
145,232
145,37
145,301
145,131
145,51
145,265
146,18
146,49
146,209
146,205
146,202
146,347
146,278
146,110
147,367
147,343
147,237
148,96
148,150
148,162
149,238
149,237
149,199
149,47
149,53
149,79
149,7
149,155
149,107
150,337
150,200
150,60
150,62
150,159
150,309
150,211
150,306
150,324
151,35
151,185
151,143
151,323
152,348
152,27
152,249
152,166
152,175
152,164
152,126
153,68
153,331
153,364
153,52
153,160
154,56
154,65
154,64
154,129
154,3
154,87
154,189
154,94
155,312
155,7
155,308
155,205
155,287
155,352
155,171
156,323
156,318
156,88
156,27
156,210
156,244
156,174
156,86
157,204
157,85
157,38
157,314
157,126
157,350
157,215
157,167
157,324
157,143
158,332
158,312
158,293
158,127
158,201
158,82
159,118
159,212
159,258
159,254
159,344
159,179
159,300
159,261
159,280
160,104
160,239
160,72
160,319
160,235
160,97
160,230
160,77
160,31
161,18
161,15
161,297
161,351
162,132
162,87
162,9
162,124
163,38
163,104
163,229
164,159
164,113
164,268
165,366
165,177
165,95
165,294
165,192
165,247
165,16
165,132
166,276
166,124
166,63
166,201
166,128
166,98
167,242
167,39
167,24
167,131
167,165
167,214
167,47
168,29
168,197
168,344
168,316
168,329
168,209
169,142
169,352
169,150
169,188
170,333
170,169
170,188
170,254
170,29
171,100
171,56
171,312
171,296
171,310
171,96
171,2
171,47
171,115
172,9
172,303
172,320
172,263
172,50
172,27
172,354
172,109
172,200
173,28
173,182
173,17
173,84
173,277
173,49
173,358
173,295
174,312
174,252
174,249
174,352
175,235
175,192
175,81
175,270
175,46
175,227
176,303
176,343
176,314
176,308
176,311
176,256
176,16
177,214
177,270
177,266
178,272
178,249
178,205
178,186
178,223
178,86
178,335
178,362
179,209
179,180
179,332
179,333
179,145
180,305
180,210
180,360
180,11
180,39
180,192
180,297
180,186
181,332
181,20
181,266
181,165
181,77
181,295
181,159
182,53
182,326
182,156
182,46
182,263
182,268
182,42
183,312
183,42
183,186
183,360
183,37
183,330
183,184
183,327
183,12
184,197
184,227
184,67
184,242
184,8
184,49
184,285
184,90
184,126
184,76
185,357
185,274
185,254
185,270
186,37
186,4
186,197
186,237
186,33
187,93
187,77
187,18
187,125
188,325
188,362
188,116
188,84
188,13
188,319
189,152
189,265
189,317
189,362
189,239
189,198
190,89
190,26
190,30
190,259
190,307
191,115
191,361
191,94
191,257
191,34
191,4
191,306
191,267
191,77
192,325
192,133
192,339
193,276
193,133
193,8
193,257
194,181
194,5
194,209
194,222
194,87
195,289
195,178
195,226
195,81
196,232
196,95
196,264
196,182
197,66
197,215
197,249
197,37
197,153
197,86
198,106
198,120
198,183
199,239
199,297
199,16
199,201
199,175
199,49
200,7
200,123
200,295
200,346
200,19
200,135
200,49
200,248
200,347
201,333
201,7
201,179
202,301
202,322
202,53
202,77
202,321
202,26
202,289
202,204
202,276
202,65
203,135
203,368
203,116
204,291
204,194
204,115
204,90
204,244
204,106
204,40
204,8
204,185
205,361
205,56
205,356
206,296
206,277
206,213
206,305
206,271
206,356
206,340
207,28
207,347
207,231
207,166
207,156
207,318
207,133
207,51
207,171
208,319
208,191
208,362
208,350
208,352
208,169
208,289
208,241
209,26
209,116
209,356
209,236
209,84
209,283
209,51
209,220
210,36
210,258
210,71
210,242
210,147
210,28
210,130
210,33
211,126
211,4
211,110
211,19
211,220
211,162
212,118
212,328
212,188
212,324
212,209
212,219
212,247
212,40
213,81
213,100
213,303
213,98
213,29
213,180
214,232
214,267
214,152
214,343
215,223
215,51
215,108
215,320
215,290
215,302
216,246
216,307
216,365
216,124
216,114
216,238
216,280
216,247
217,108
217,171
217,184
217,107
217,279
217,49
217,315
217,20
217,368
218,82
218,74
218,335
219,224
219,275
219,92
220,341
220,89
220,148
220,73
220,225
220,84
220,338
221,88
221,126
221,190
221,81
221,17
221,179
222,26
222,14
222,96
222,179
223,236
223,78
223,242
224,246
224,282
224,69
224,272
224,302
225,19
225,22
225,331
225,219
225,339
225,161
225,321
225,197
225,330
225,358
226,3
226,99
226,274
226,112
226,31
227,25
227,65
227,235
228,196
228,259
228,341
228,46
228,280
228,121
229,157
229,118
229,254
229,330
229,50
230,205
230,276
230,113
230,5
230,57
230,76
230,25
230,70
230,241
230,14
231,110
231,244
231,40
231,362
231,70
231,329
231,226
231,72
232,245
232,198
232,40
232,233
233,15
233,7
233,144
233,39
233,275
233,73
233,97
233,137
233,180
234,275
234,366
234,145
234,182
234,354
234,341
234,91
235,276
235,91
235,156
235,74
235,68
235,274
235,342
236,186
236,203
236,243
236,176
237,270
237,120
237,53
238,364
238,89
238,288
238,51
238,121
238,304
238,17
238,61
238,60
238,104
239,56
239,248
239,288
240,132
240,106
240,156
240,41
240,353
240,264
240,25
240,343
240,86
240,314
241,196
241,26
241,20
241,70
241,341
241,347
241,355
241,350
241,327
241,71
242,58
242,354
242,331
242,60
242,192
242,166
242,355
242,269
242,190
243,149
243,202
243,233
243,7
243,135
243,334
243,302
243,115
243,313
243,237
244,173
244,200
244,176
245,17
245,222
245,168
245,84
245,178
245,325
245,277
245,71
245,233
246,281
246,13
246,161
246,257
246,191
246,220
246,321
247,31
247,10
247,231
247,25
247,275
247,99
247,2
247,188
247,29
247,341
248,6
248,83
248,112
248,336
249,307
249,64
249,328
249,103
249,51
250,105
250,330
250,360
250,184
250,221
250,153
251,75
251,55
251,326
251,130
252,202
252,225
252,344
252,73
252,190
252,10
252,289
252,355
252,258
253,208
253,156
253,109
253,2
253,112
253,237
254,198
254,208
254,193
254,342
254,183
254,37
254,126
254,67
254,137
255,34
255,97
255,145
255,33
255,304
255,161
255,126
256,11
256,150
256,112
257,148
257,98
257,109
257,137
257,238
257,120
257,315
258,174
258,138
258,107
258,104
258,307
258,296
258,116
258,225
259,30
259,260
259,23
259,171
260,166
260,300
260,272
260,51
260,136
260,10
260,82
260,229
261,125
261,24
261,200
261,281
261,368
261,228
261,12
261,304
262,294
262,259
262,284
262,363
262,276
262,211
262,104
262,297
262,21
263,220
263,310
263,176
263,171
263,234
263,64
263,283
263,108
263,70
264,138
264,101
264,235
264,251
264,132
264,333
264,9
265,235
265,157
265,187
265,97
265,288
265,355
265,199
266,39
266,310
266,162
266,100
266,53
267,29
267,172
267,185
267,361
267,204
267,291
267,49
267,296
268,291
268,80
268,189
268,316
268,65
268,93
268,135
268,199
268,117
269,203
269,3
269,205
269,101
269,54
269,172
269,231
269,125
269,298
269,196
270,157
270,286
270,79
270,84
270,237
270,146
270,62
271,243
271,13
271,249
271,62
271,44
271,60
271,238
271,73
271,210
271,301
272,121
272,155
272,118
272,280
272,6
272,141
272,367
272,258
272,134
272,359
273,347
273,237
273,155
273,229
273,234
273,35
274,92
274,81
274,41
274,250
275,344
275,213
275,340
275,102
275,20
276,288
276,14
276,3
276,224
276,93
276,364
276,60
276,76
277,231
277,39
277,89
277,80
277,305
277,262
277,208
277,267
278,350
278,60
278,204
278,75
279,306
279,26
279,180
279,361
279,338
280,235
280,223
280,190
280,4
281,363
281,310
281,287
281,110
281,113
281,10
282,239
282,290
282,241
282,264
282,287
282,10
282,121
282,218
282,129
282,107
283,343
283,90
283,270
283,179
283,322
283,229
283,72
283,218
283,15
283,268
284,277
284,181
284,24
284,294
285,326
285,103
285,145
285,79
285,82
285,142
285,14
285,86
285,148
286,121
286,168
286,124
286,72
286,66
287,321
287,66
287,295
287,63
287,135
287,208
287,22
287,353
288,332
288,343
288,87
288,242
288,206
288,127
288,101
288,356
289,218
289,127
289,344
289,279
289,121
289,198
289,343
289,98
289,355
290,306
290,308
290,287
290,108
290,209
290,364
290,28
290,122
291,143
291,223
291,192
291,359
291,65
291,132
291,115
291,198
291,157
292,184
292,153
292,181
292,11
293,37
293,331
293,338
293,182
293,134
294,58
294,344
294,250
294,150
294,194
294,333
295,279
295,60
295,286
295,258
295,132
295,34
295,239
295,168
295,361
295,113
296,34
296,22
296,73
297,30
297,196
297,18
297,221
297,208
297,44
297,304
297,291
297,339
298,262
298,214
298,32
298,110
298,145
298,340
298,332
298,90
298,235
299,174
299,183
299,198
299,322
299,121
299,354
300,103
300,274
300,335
300,180
300,104
300,33
300,213
300,98
301,13
301,245
301,61
301,189
302,275
302,61
302,170
303,347
303,135
303,138
303,278
303,361
304,317
304,204
304,19
304,206
304,156
304,149
305,63
305,276
305,185
305,336
305,173
305,220
306,243
306,119
306,130
306,242
306,230
307,91
307,240
307,208
307,50
307,112
307,155
307,260
307,149
308,33
308,295
308,261
309,66
309,8
309,202
310,57
310,76
310,331
310,283
310,237
310,179
310,45
310,64
310,252
310,60
311,274
311,296
311,12
312,243
312,348
312,66
312,72
312,233
312,347
312,32
312,46
313,134
313,28
313,60
313,344
314,227
314,59
314,188
314,265
314,200
314,29
314,226
314,12
314,32
315,289
315,206
315,177
315,283
316,151
316,239
316,230
316,116
316,246
316,338
316,192
316,60
316,78
317,108
317,113
317,43
317,66
317,49
317,351
317,309
318,241
318,73
318,165
318,271
318,234
318,343
318,284
318,352
319,166
319,113
319,186
319,305
319,240
319,108
319,58
320,227
320,68
320,111
320,177
320,244
320,143
320,237
320,268
321,226
321,158
321,316
321,244
321,297
321,65
321,103
321,210
322,203
322,255
322,114
322,259
322,117
322,225
322,124
322,40
322,187
323,33
323,158
323,108
323,31
323,144
323,9
323,285
323,361
323,366
324,208
324,171
324,300
324,194
325,22
325,285
325,247
325,96
325,71
325,223
325,145
326,134
326,190
326,53
326,12
326,229
327,363
327,191
327,174
327,352
328,323
328,295
328,282
328,290
328,338
328,203
328,161
328,93
329,357
329,149
329,37
329,7
330,169
330,90
330,116
330,121
330,13
330,366
330,359
331,37
331,321
331,330
331,12
332,248
332,320
332,116
333,257
333,267
333,209
333,67
333,7
333,107
333,169
333,12
334,24
334,135
334,18
335,350
335,122
335,290
335,73
335,364
336,22
336,78
336,113
336,284
336,90
337,134
337,74
337,333
337,351
337,200
338,177
338,216
338,205
338,159
338,334
338,271
339,240
339,12
339,356
339,249
339,262
340,60
340,206
340,359
340,323
340,260
340,118
340,113
341,101
341,308
341,342
341,236
341,86
341,11
341,257
341,94
341,218
341,334
342,297
342,331
342,45
342,312
342,291
342,356
342,285
342,46
343,21
343,354
343,84
344,255
344,305
344,359
344,300
344,234
344,178
344,339
344,141
345,311
345,123
345,39
345,180
345,96
345,83
345,299
345,243
345,304
345,91
346,215
346,310
346,213
346,182
346,245
346,17
346,201
347,66
347,79
347,68
347,110
347,361
347,176
347,20
347,72
347,308
348,81
348,366
348,205
348,293
349,238
349,160
349,315
349,325
350,128
350,273
350,367
350,151
350,293
350,295
350,277
350,61
350,62
351,294
351,86
351,331
351,229
352,348
352,141
352,353
352,261
352,60
352,56
352,241
353,69
353,211
353,14
354,72
354,272
354,2
354,188
354,343
354,175
354,346
354,57
355,212
355,260
355,341
355,181
355,183
355,352
355,157
355,14
355,344
355,25
356,67
356,23
356,99
356,74
356,29
356,72
356,19
357,178
357,250
357,148
357,300
358,61
358,10
358,304
359,221
359,145
359,18
359,162
359,273
359,44
359,315
359,329
359,69
359,189
360,114
360,331
360,38
361,264
361,281
361,121
361,342
362,157
362,304
362,344
362,108
362,290
362,188
363,302
363,236
363,281
363,191
363,305
363,195
363,194
363,336
364,278
364,133
364,138
364,218
365,293
365,175
365,72
365,50
365,212
365,185
365,246
365,295
365,244
366,330
366,264
366,223
366,207
367,310
367,149
367,346
368,317
368,35
368,249
